order,guia
2T22967634,8149992266
2T22971263,8149989794
2T22985671,8149989982
2T22991323,8149990166
2T22993355,8149990144
2T22995887,8149989956
2T22998519,8149990505
2T22998637,8150007876
2T22999079,8150007600
2T22999265,8149990730
2T22999840,8149990844
2T23000793,8150007515
2T23000800,8149990984
2T23000924,8149991334
2T23001308,1098545350
2T23001331,8149991452
2T23001493,8149991651
2T23001616,8149992082
2T23001845,8149992653
2T23002058,8149992546
2T23002132,8150007272
2T23002286,8149993526
2T23002448,8149992970
2T23002827,8149993950
2T23003104,8149993784
2T23003310,8149993176
2T23003367,8149989761
2T23003580,8149993386
2T23003725,8149993633
2T23004539,8149992362
2T23004609,8149994090
2ZD8354735,8150005231
2ZD8357074,8150005323
2ZD8359691,8150007095
2ZD8384583,8150005452
2ZD8387315,1098545346
2ZD8395523,8150005511
2ZD8395621,8150005640
2ZD8400792,8150005894
2ZD8402289,8150007014
2ZD8403711,8150009022
2ZD8404389,8150006933
2ZD8405436,8150009081
2ZD8405642,8150009420
2ZD8405747,8150009792
2ZD8406500,8150010002
2ZD8406980,8150010116
2ZD8407017,8150010304
2ZD8407708,8150010514
2ZD8408952,8150010680
2ZD8409575,8150010816
2ZD8409882,8150011785
2ZD8410676,8150011811
2ZD8411462,8150011995
2ZD8411585,8150012076
2ZD8412681,8150006826
2ZD8412684,8150012216
2ZD8412877,8150012463
2ZD8413178,8150009291
2ZD8413179,8150012474
2ZD8413778,8150012651
2ZD8415691,8150012765
2ZD8416326,8150012964
2ZD8416474,8150013115
2ZD8416607,8150013222
2ZD8416882,8150013384
2ZD8417189,8150013513
2ZD8417772,8150006760
2ZD8417787,8150013653
2ZD8418311,8150014762
2ZD8418881,8150014950
2ZD8419131,8150014854
2ZD8420381,8150015112
2ZD8420750,8150015042
2ZD8420818,8150015436
2ZD8420971,8150015252
2ZD8421198,8150015705
2ZD8421742,8150015591
2ZD8422009,8150015930
2ZD8422257,8150015845
2ZD8422518,8150016151
2ZD8422894,8150016070
2ZD8423532,8150016232
50H2979494,8150016486
50H2979529,8150016350
50H2980107,8150016744
50H2980219,8150016921
