02/09/2019,EXTCV-19,1098551090
02/09/2019,EXTCV-19,1098551101
02/09/2019,EXTCV-19,1098551112
02/09/2019,EXTCV-19,1098551123
02/09/2019,EXTCV-1U,1098551134
02/09/2019,EXTCV-1U,1098551145
02/09/2019,EXTCV-1W,1098551160
02/09/2019,EXTCV-1W,1098551171
02/09/2019,EXTCV-1W,1098551182
02/09/2019,EXTCV-1W,1098551193
02/09/2019,EXRECON,1098551204
02/09/2019,EXTCV-1Y,1098551215
02/09/2019,EXTCV-1Y,1098551226
02/09/2019,EXTCV-1Y,1098551230
02/09/2019,EXTCV-1Y,1098551241
02/09/2019,EXTCV-1Y,1098551252
02/09/2019,EXTCV-2X,1098551263
02/09/2019,EXTCV-2X,1098551274
02/09/2019,EXTCV-6I,1098551285
02/09/2019,EXTCV-6I,1098551296
02/09/2019,EXTCV-8I,1098551300
02/09/2019,EXTCV-DI,1098551311
02/09/2019,EXRECON,1098551322
02/09/2019,EXTCV-GP,1098551333
02/09/2019,EXTCV-GP,1098551344
02/09/2019,EXTCV-HG,1098551355
02/09/2019,EXTCV-HG,1098551366
02/09/2019,EXTCV-JU,1098551370
02/09/2019,EXTCV-LI,1098551381
02/09/2019,EXTCV-LL,1098551392
02/09/2019,EXTCV-M7,1098551403
02/09/2019,EXTCV-M7,1098551414
02/09/2019,EXTCV-M9,1098551425
02/09/2019,EXTCV-M9,1098551436
02/09/2019,EXTCV-M9,1098551440
02/09/2019,EXTCV-MP,1098551451
02/09/2019,EXTCV-MP,1098551462
02/09/2019,EXTCV-MR,1098551473
02/09/2019,EXTCV-NW,1098551484
02/09/2019,EXTCV-OX,1098551495
02/09/2019,EXTCV-OX,1098551506
02/09/2019,EXTCV-OX,1098551510
02/09/2019,EXTCV-PI,1098551521
02/09/2019,EXTCV-PI,1098551532
02/09/2019,EXTCV-PM,1098551543
02/09/2019,EXTCV-PN,1098551554
02/09/2019,EXTCV-PP,1098551565
02/09/2019,EXTCV-QQ,1098551576
02/09/2019,EXTCV-QQ,1098551580
02/09/2019,EXTCV-TP,1098551591
02/09/2019,EXTCV-UL,1098551602
02/09/2019,EXTCV-XC,1098551613
02/09/2019,EXTCV-XJ,1098551624
02/09/2019,EXTCV-XL,1098551635
02/09/2019,EXTCV-XL,1098551646
02/09/2019,EXTCV-YU,1098551650
02/09/2019,MULTIPRELIC,1098551661
02/09/2019,MULTIPRELIC,1098551672
02/09/2019,MULTIPRELIC,1098551683
02/09/2019,MULTIPRELIC,1098551694
02/09/2019,MULTIPRELIC,1098551705
02/09/2019,MULTIPRELIC,1098551716
02/09/2019,MULTIPRELIC,1098551720
02/09/2019,MULTIPRELIC,1098551731
02/09/2019,EXTCV-2X,1098551742
